{
  "id": "",
  "name": "",
  "font_family": "iconfont",
  "css_prefix_text": "icon-",
  "description": "",
  "glyphs": [
    {
      "icon_id": "8106214",
      "name": "addto",
      "font_class": "addto",
      "unicode": "e698",
      "unicode_decimal": 59032
    },
    {
      "icon_id": "8106219",
      "name": "edit",
      "font_class": "edit",
      "unicode": "e69a",
      "unicode_decimal": 59034
    },
    {
      "icon_id": "8106224",
      "name": "down",
      "font_class": "down",
      "unicode": "e69b",
      "unicode_decimal": 59035
    },
    {
      "icon_id": "8106247",
      "name": "refuse",
      "font_class": "refuse",
      "unicode": "e69f",
      "unicode_decimal": 59039
    },
    {
      "icon_id": "8106251",
      "name": "increase",
      "font_class": "increase",
      "unicode": "e6a0",
      "unicode_decimal": 59040
    },
    {
      "icon_id": "8106260",
      "name": "upward",
      "font_class": "upward",
      "unicode": "e6a1",
      "unicode_decimal": 59041
    },
    {
      "icon_id": "8776873",
      "name": "setting",
      "font_class": "icon-test",
      "unicode": "e63f",
      "unicode_decimal": 58943
    },
    {
      "icon_id": "8777509",
      "name": "arrow_up",
      "font_class": "icon-test1",
      "unicode": "e658",
      "unicode_decimal": 58968
    },
    {
      "icon_id": "8777511",
      "name": "arrow_down",
      "font_class": "icon-test2",
      "unicode": "e659",
      "unicode_decimal": 58969
    },
    {
      "icon_id": "8777602",
      "name": "show_less",
      "font_class": "icon-test3",
      "unicode": "e65b",
      "unicode_decimal": 58971
    },
    {
      "icon_id": "8777603",
      "name": "show_more",
      "font_class": "icon-test4",
      "unicode": "e65c",
      "unicode_decimal": 58972
    },
    {
      "icon_id": "12865693",
      "name": "setting",
      "font_class": "setting",
      "unicode": "e6f0",
      "unicode_decimal": 59120
    }
  ]
}
